content_id,content type,genre,release_date,duration_min
C1,Documentary,Comedy,2022-09-12,99
C2,Documentary,Action,2016-02-07,99
C3,Series,Sci-Fi,2023-02-07,28
C4,Movie,Sci-Fi,2020-10-15,134
C5,Series,Sci-Fi,2017-11-08,28
C6,Series,Comedy,2016-07-03,28
C7,Movie,Biography,2022-03-01,134
C8,Documentary,Sci-Fi,2014-03-16,99
C9,Documentary,Action,2010-03-28,99
C10,Movie,Action,2020-05-22,134
C11,Documentary,Action,2010-07-30,99
C12,Series,Biography,2010-12-18,28
C13,Series,Action,2012-05-18,28
C14,Movie,Action,2012-11-07,134
C15,Documentary,Horror,2000-04-12,99
C16,Documentary,Biography,2017-06-07,99
C17,Documentary,Drama,2000-10-11,99
C18,Documentary,Comedy,2021-12-01,99
C19,Documentary,Horror,2014-04-09,99
C20,Movie,Biography,2021-08-12,134
C21,Documentary,Drama,2003-04-28,99
C22,Movie,Sci-Fi,2008-09-11,134
C23,Series,Drama,2011-02-06,28
C24,Documentary,Horror,2011-01-03,99
C25,Documentary,Drama,2020-08-19,99
C26,Series,Action,2020-02-20,28
C27,Movie,Biography,2005-07-06,134
C28,Series,Drama,2021-07-09,28
C29,Movie,Comedy,2014-03-31,134
C30,Movie,Action,2009-10-15,134
C31,Series,Action,2002-05-13,28
C32,Series,Sci-Fi,2001-09-28,28
C33,Documentary,Sci-Fi,2008-02-09,99
C34,Series,Comedy,2006-12-12,28
C35,Series,Action,2003-02-28,28
C36,Series,Sci-Fi,2018-12-21,28
C37,Series,Sci-Fi,2012-09-10,28
C38,Documentary,Drama,2013-12-28,99
C39,Movie,Comedy,2024-01-01,134
C40,Documentary,Horror,2022-02-23,99
C41,Series,Biography,2024-03-15,28
C42,Documentary,Sci-Fi,2000-03-03,99
C43,Series,Action,2002-01-31,28
C44,Movie,Biography,2020-04-17,134
C45,Documentary,Comedy,2011-04-03,99
C46,Series,Sci-Fi,2003-04-24,28
C47,Movie,Action,2013-10-17,134
C48,Documentary,Biography,2021-12-28,99
C49,Series,Action,2007-06-03,28
C50,Documentary,Sci-Fi,2004-02-26,99
C51,Movie,Action,2015-03-31,134
C52,Documentary,Horror,2005-08-01,99
C53,Series,Horror,2021-09-04,28
C54,Series,Comedy,2010-02-03,28
C55,Series,Horror,2003-04-29,28
C56,Movie,Comedy,2002-11-16,134
C57,Documentary,Sci-Fi,2012-10-08,99
C58,Series,Action,2014-10-09,28
C59,Series,Horror,2019-09-15,28
C60,Movie,Horror,2017-03-08,134
C61,Movie,Action,2021-05-22,134
C62,Documentary,Horror,2021-02-10,99
C63,Series,Comedy,2006-04-18,28
C64,Series,Biography,2019-09-14,28
C65,Documentary,Biography,2011-06-01,99
C66,Series,Action,2008-07-02,28
C67,Movie,Horror,2024-02-26,134
C68,Movie,Action,2000-02-27,134
C69,Series,Horror,2009-11-28,28
C70,Series,Drama,2019-08-19,28
C71,Series,Action,2019-05-16,28
C72,Movie,Action,2024-02-10,134
C73,Movie,Biography,2009-02-28,134
C74,Documentary,Biography,2009-04-08,99
C75,Documentary,Drama,2013-08-12,99
C76,Documentary,Drama,2001-04-22,99
C77,Documentary,Action,2017-01-16,99
C78,Documentary,Drama,2003-05-19,99
C79,Movie,Biography,2005-02-25,134
C80,Movie,Comedy,2023-12-26,134
C81,Movie,Comedy,2016-01-31,134
C82,Documentary,Horror,2012-06-16,99
C83,Documentary,Drama,2001-03-19,99
C84,Series,Biography,2008-10-10,28
C85,Movie,Sci-Fi,2004-10-20,134
C86,Series,Comedy,2019-10-10,28
C87,Series,Drama,2004-01-28,28
C88,Documentary,Horror,2004-03-25,99
C89,Series,Biography,2021-10-10,28
C90,Series,Biography,2019-12-29,28
C91,Movie,Drama,2004-04-27,134
C92,Series,Horror,2001-09-21,28
C93,Movie,Action,2005-06-06,134
C94,Documentary,Comedy,2019-06-05,99
C95,Documentary,Comedy,2010-08-25,99
C96,Series,Sci-Fi,2021-05-24,28
C97,Documentary,Action,2013-09-03,99
C98,Series,Drama,2002-11-21,28
C99,Documentary,Sci-Fi,2014-09-21,99
C100,Series,Action,2021-12-18,28
C101,Documentary,Drama,2006-04-11,99
C102,Series,Drama,2000-06-09,28
C103,Documentary,Sci-Fi,2019-08-24,99
C104,Documentary,Horror,2003-06-28,99
C105,Series,Biography,2008-02-16,28
C106,Documentary,Drama,2008-02-24,99
C107,Documentary,Horror,2014-04-03,99
C108,Movie,Drama,2011-07-28,134
C109,Series,Sci-Fi,2010-02-21,28
C110,Series,Comedy,2010-06-10,28
C111,Movie,Sci-Fi,2013-03-10,134
C112,Documentary,Action,2000-04-29,99
C113,Documentary,Drama,2020-10-08,99
C114,Documentary,Sci-Fi,2016-12-20,99
C115,Movie,Horror,2019-05-10,134
C116,Documentary,Sci-Fi,2004-07-02,99
C117,Series,Horror,2015-11-28,28
C118,Movie,Drama,2023-01-07,134
C119,Series,Sci-Fi,2010-12-02,28
C120,Documentary,Biography,2009-02-15,99
C121,Documentary,Sci-Fi,2007-06-30,99
C122,Documentary,Biography,2005-04-13,99
C123,Movie,Sci-Fi,2021-01-18,134
C124,Series,Drama,2009-09-16,28
C125,Series,Drama,2015-06-14,28
C126,Documentary,Drama,2007-01-23,99
C127,Series,Comedy,2015-10-29,28
C128,Series,Action,2009-09-28,28
C129,Movie,Action,2010-08-01,134
C130,Series,Sci-Fi,2022-12-23,28
C131,Documentary,Biography,2013-05-22,99
C132,Documentary,Action,2013-07-31,99
C133,Series,Biography,2010-05-09,28
C134,Documentary,Action,2020-11-01,99
C135,Documentary,Comedy,2014-11-18,99
C136,Series,Drama,2012-01-18,28
C137,Documentary,Horror,2011-06-26,99
C138,Movie,Sci-Fi,2015-11-27,134
C139,Documentary,Drama,2013-09-29,99
C140,Series,Horror,2018-04-11,28
C141,Series,Horror,2008-11-26,28
C142,Series,Horror,2020-12-18,28
C143,Series,Biography,2002-08-06,28
C144,Documentary,Action,2022-10-08,99
C145,Documentary,Drama,2008-03-21,99
C146,Series,Comedy,2007-12-15,28
C147,Series,Drama,2009-04-10,28
C148,Movie,Drama,2014-01-04,134
C149,Documentary,Biography,2019-03-23,99
C150,Series,Comedy,2018-12-29,28
C151,Documentary,Action,2001-10-19,99
C152,Movie,Sci-Fi,2017-10-05,134
C153,Documentary,Drama,2003-09-09,99
C154,Movie,Comedy,2009-11-18,134
C155,Series,Biography,2016-05-05,28
C156,Documentary,Comedy,2011-04-21,99
C157,Movie,Biography,2011-04-19,134
C158,Movie,Drama,2016-12-19,134
C159,Documentary,Drama,2012-11-02,99
C160,Series,Drama,2011-10-21,28
C161,Series,Drama,2016-03-30,28
C162,Series,Sci-Fi,2013-07-03,28
C163,Series,Drama,2002-05-19,28
C164,Series,Drama,2018-11-23,28
C165,Movie,Action,2023-12-28,134
C166,Series,Biography,2022-01-12,28
C167,Series,Biography,2000-12-24,28
C168,Movie,Biography,2003-11-21,134
C169,Series,Comedy,2008-04-28,28
C170,Series,Horror,2017-01-04,28
C171,Series,Horror,2017-02-22,28
C172,Series,Horror,2007-02-19,28
C173,Series,Comedy,2007-10-15,28
C174,Movie,Sci-Fi,2002-09-17,134
C175,Series,Action,2013-06-14,28
C176,Documentary,Biography,2000-12-23,99
C177,Movie,Comedy,2004-08-17,134
C178,Movie,Action,2008-10-15,134
C179,Movie,Comedy,2024-02-24,134
C180,Movie,Horror,2001-04-18,134
C181,Series,Drama,2010-08-23,28
C182,Movie,Comedy,2000-08-28,134
C183,Movie,Sci-Fi,2006-01-06,134
C184,Documentary,Biography,2009-01-26,99
C185,Series,Horror,2012-04-08,28
C186,Series,Horror,2015-08-27,28
C187,Movie,Biography,2013-04-14,134
C188,Movie,Action,2011-11-23,134
C189,Documentary,Sci-Fi,2014-04-07,99
C190,Documentary,Action,2001-10-01,99
C191,Movie,Biography,2000-05-16,134
C192,Series,Biography,2009-10-07,28
C193,Series,Drama,2002-01-26,28
C194,Series,Horror,2007-05-14,28
C195,Series,Comedy,2020-12-11,28
C196,Series,Drama,2008-02-21,28
C197,Documentary,Sci-Fi,2015-11-19,99
C198,Movie,Drama,2014-06-17,134
C199,Movie,Comedy,2016-10-16,134
C200,Movie,Horror,2020-08-06,134
C201,Series,Comedy,2019-04-14,28
C202,Documentary,Sci-Fi,2022-02-02,99
C203,Movie,Drama,2010-05-02,134
C204,Documentary,Comedy,2023-07-08,99
C205,Series,Horror,2020-03-15,28
C206,Movie,Biography,2020-12-15,134
C207,Documentary,Comedy,2021-03-10,99
C208,Documentary,Sci-Fi,2023-03-30,99
C209,Movie,Sci-Fi,2005-04-16,134
C210,Series,Drama,2021-03-29,28
C211,Documentary,Drama,2014-06-12,99
C212,Movie,Sci-Fi,2020-06-30,134
C213,Series,Action,2006-09-09,28
C214,Series,Comedy,2014-10-08,28
C215,Movie,Biography,2008-11-03,134
C216,Series,Drama,2018-01-22,28
C217,Series,Action,2002-04-07,28
C218,Movie,Horror,2023-04-03,134
C219,Documentary,Action,2013-11-27,99
C220,Documentary,Horror,2010-01-26,99
C221,Movie,Action,2017-06-28,134
C222,Documentary,Drama,2024-08-01,99
C223,Series,Sci-Fi,2008-01-10,28
C224,Documentary,Horror,2001-05-04,99
C225,Documentary,Biography,2014-04-29,99
C226,Series,Drama,2012-05-02,28
C227,Series,Horror,2013-10-11,28
C228,Documentary,Comedy,2016-01-22,99
C229,Documentary,Biography,2024-07-05,99
C230,Documentary,Action,2005-04-26,99
C231,Documentary,Sci-Fi,2014-11-02,99
C232,Series,Comedy,2012-11-20,28
C233,Series,Sci-Fi,2012-05-06,28
C234,Movie,Sci-Fi,2011-08-10,134
C235,Series,Sci-Fi,2000-12-10,28
C236,Series,Biography,2022-07-28,28
C237,Movie,Drama,2004-04-26,134
C238,Movie,Horror,2001-03-21,134
C239,Documentary,Drama,2024-06-27,99
C240,Series,Biography,2013-04-30,28
C241,Movie,Sci-Fi,2009-01-01,134
C242,Series,Drama,2001-07-05,28
C243,Series,Drama,2012-02-03,28
C244,Series,Drama,2024-06-16,28
C245,Documentary,Horror,2014-12-22,99
C246,Movie,Comedy,2006-03-28,134
C247,Documentary,Drama,2010-03-05,99
C248,Series,Biography,2022-02-15,28
C249,Documentary,Sci-Fi,2013-07-08,99
C250,Movie,Comedy,2011-03-29,134
C251,Documentary,Biography,2006-03-31,99
C252,Movie,Drama,2011-01-04,134
C253,Documentary,Sci-Fi,2001-02-05,99
C254,Series,Comedy,2012-09-17,28
C255,Movie,Drama,2002-06-14,134
C256,Movie,Action,2017-01-02,134
C257,Documentary,Biography,2002-02-24,99
C258,Movie,Comedy,2002-07-08,134
C259,Documentary,Horror,2005-12-06,99
C260,Series,Biography,2015-02-20,28
C261,Documentary,Sci-Fi,2020-10-11,99
C262,Series,Horror,2006-03-18,28
C263,Movie,Horror,2009-04-21,134
C264,Movie,Action,2013-06-02,134
C265,Movie,Drama,2021-12-11,134
C266,Movie,Action,2008-12-22,134
C267,Series,Action,2016-03-01,28
C268,Documentary,Comedy,2021-04-13,99
C269,Series,Drama,2016-10-27,28
C270,Movie,Sci-Fi,2015-09-04,134
C271,Series,Sci-Fi,2016-02-25,28
C272,Series,Horror,2009-07-20,28
C273,Movie,Biography,2009-04-28,134
C274,Series,Drama,2014-12-10,28
C275,Movie,Biography,2000-06-17,134
C276,Documentary,Horror,2024-06-16,99
C277,Series,Sci-Fi,2010-11-01,28
C278,Documentary,Drama,2013-09-04,99
C279,Movie,Drama,2015-06-03,134
C280,Documentary,Sci-Fi,2006-01-25,99
C281,Documentary,Drama,2020-02-11,99
C282,Documentary,Comedy,2024-07-25,99
C283,Series,Comedy,2002-03-12,28
C284,Documentary,Drama,2021-06-03,99
C285,Documentary,Horror,2002-10-14,99
C286,Movie,Sci-Fi,2009-12-15,134
C287,Documentary,Biography,2021-06-29,99
C288,Movie,Comedy,2020-03-19,134
C289,Movie,Action,2021-05-11,134
C290,Series,Comedy,2014-07-19,28
C291,Documentary,Drama,2012-11-09,99
C292,Movie,Comedy,2016-10-26,134
C293,Documentary,Sci-Fi,2023-04-13,99
C294,Documentary,Sci-Fi,2022-04-11,99
C295,Series,Biography,2008-05-25,28
C296,Series,Horror,2020-01-18,28
C297,Series,Action,2003-02-22,28
C298,Series,Biography,2011-12-10,28
C299,Documentary,Comedy,2008-02-25,99
C300,Series,Comedy,2010-03-07,28
C301,Movie,Biography,2003-03-11,134
C302,Movie,Action,2008-12-07,134
C303,Series,Sci-Fi,2009-05-28,28
C304,Movie,Action,2006-06-18,134
C305,Documentary,Biography,2016-08-21,99
C306,Series,Action,2002-08-18,28
C307,Documentary,Sci-Fi,2012-04-12,99
C308,Series,Sci-Fi,2009-08-25,28
C309,Documentary,Action,2018-09-14,99
C310,Documentary,Action,2001-06-03,99
C311,Movie,Drama,2007-11-19,134
C312,Series,Drama,2008-08-09,28
C313,Series,Comedy,2021-10-02,28
C314,Movie,Action,2022-10-17,134
C315,Documentary,Biography,2007-08-06,99
C316,Series,Comedy,2001-04-26,28
C317,Series,Drama,2022-01-20,28
C318,Series,Horror,2016-06-21,28
C319,Movie,Drama,2018-09-28,134
C320,Documentary,Drama,2010-11-23,99
C321,Movie,Comedy,2000-11-01,134
C322,Movie,Drama,2003-06-30,134
C323,Series,Drama,2005-11-08,28
C324,Movie,Sci-Fi,2006-05-05,134
C325,Series,Biography,2022-07-25,28
C326,Series,Action,2022-11-13,28
C327,Documentary,Sci-Fi,2002-02-16,99
C328,Series,Comedy,2008-06-20,28
C329,Documentary,Comedy,2012-05-07,99
C330,Movie,Comedy,2004-01-20,134
C331,Documentary,Sci-Fi,2012-01-03,99
C332,Series,Drama,2019-02-25,28
C333,Series,Sci-Fi,2013-01-15,28
C334,Movie,Comedy,2022-10-27,134
C335,Documentary,Sci-Fi,2021-01-23,99
C336,Series,Biography,2024-06-19,28
C337,Movie,Horror,2012-06-16,134
C338,Movie,Sci-Fi,2022-05-13,134
C339,Documentary,Comedy,2011-12-09,99
C340,Documentary,Sci-Fi,2020-07-17,99
C341,Documentary,Drama,2002-06-26,99
C342,Movie,Action,2018-02-17,134
C343,Documentary,Comedy,2001-04-04,99
C344,Documentary,Sci-Fi,2002-07-22,99
C345,Series,Biography,2018-01-29,28
C346,Series,Drama,2005-07-21,28
C347,Series,Drama,2023-02-13,28
C348,Movie,Drama,2019-02-20,134
C349,Documentary,Comedy,2004-07-22,99
C350,Documentary,Biography,2007-02-28,99
C351,Series,Drama,2009-12-21,28
C352,Movie,Horror,2011-11-28,134
C353,Movie,Biography,2007-12-20,134
C354,Series,Biography,2000-09-04,28
C355,Series,Drama,2006-12-02,28
C356,Documentary,Comedy,2006-12-24,99
C357,Movie,Biography,2010-02-11,134
C358,Documentary,Biography,2016-12-08,99
C359,Series,Action,2005-07-27,28
C360,Documentary,Action,2000-04-19,99
C361,Series,Biography,2024-07-10,28
C362,Series,Sci-Fi,2021-08-07,28
C363,Documentary,Biography,2014-03-21,99
C364,Series,Action,2016-11-04,28
C365,Series,Drama,2002-09-27,28
C366,Documentary,Biography,2008-05-29,99
C367,Movie,Action,2011-08-07,134
C368,Movie,Action,2013-02-05,134
C369,Series,Biography,2008-06-18,28
C370,Series,Horror,2002-12-02,28
C371,Documentary,Action,2005-09-20,99
C372,Movie,Biography,2006-11-05,134
C373,Documentary,Drama,2008-07-12,99
C374,Movie,Action,2016-06-26,134
C375,Series,Action,2024-05-06,28
C376,Series,Sci-Fi,2002-12-17,28
C377,Documentary,Action,2013-10-21,99
C378,Movie,Biography,2020-12-07,134
C379,Movie,Drama,2002-01-15,134
C380,Series,Biography,2018-09-18,28
C381,Documentary,Drama,2005-01-31,99
C382,Series,Comedy,2005-07-08,28
C383,Series,Action,2003-12-15,28
C384,Series,Horror,2012-05-13,28
C385,Movie,Comedy,2002-09-13,134
C386,Documentary,Action,2006-07-17,99
C387,Movie,Drama,2017-04-02,134
C388,Series,Biography,2002-07-29,28
C389,Series,Drama,2013-07-15,28
C390,Movie,Biography,2011-05-22,134
C391,Series,Biography,2009-09-07,28
C392,Series,Horror,2014-02-02,28
C393,Series,Comedy,2003-01-07,28
C394,Documentary,Action,2004-11-24,99
C395,Series,Drama,2024-05-26,28
C396,Documentary,Horror,2013-05-29,99
C397,Series,Action,2013-10-09,28
C398,Movie,Sci-Fi,2013-11-10,134
C399,Series,Action,2003-11-05,28
C400,Series,Drama,2006-11-27,28
C401,Series,Sci-Fi,2013-02-08,28
C402,Series,Action,2021-12-22,28
C403,Documentary,Action,2010-05-14,99
C404,Series,Comedy,2011-10-31,28
C405,Documentary,Drama,2019-01-21,99
C406,Series,Biography,2024-02-02,28
C407,Series,Action,2013-05-11,28
C408,Movie,Sci-Fi,2008-11-12,134
C409,Documentary,Action,2005-05-09,99
C410,Documentary,Drama,2007-07-21,99
C411,Movie,Drama,2011-04-20,134
C412,Documentary,Horror,2011-05-02,99
C413,Movie,Biography,2011-09-23,134
C414,Series,Horror,2015-10-19,28
C415,Series,Comedy,2013-05-11,28
C416,Documentary,Drama,2015-09-10,99
C417,Movie,Drama,2016-09-17,134
C418,Documentary,Action,2012-11-28,99
C419,Movie,Drama,2001-03-12,134
C420,Series,Drama,2014-01-31,28
C421,Documentary,Comedy,2014-08-22,99
C422,Series,Horror,2000-03-19,28
C423,Documentary,Sci-Fi,2012-04-02,99
C424,Movie,Action,2022-07-13,134
C425,Documentary,Horror,2000-03-04,99
C426,Movie,Sci-Fi,2000-10-10,134
C427,Movie,Drama,2005-04-29,134
C428,Documentary,Comedy,2021-07-16,99
C429,Movie,Biography,2012-05-01,134
C430,Series,Drama,2008-10-01,28
C431,Documentary,Action,2010-09-24,99
C432,Series,Comedy,2016-05-24,28
C433,Movie,Sci-Fi,2004-05-31,134
C434,Documentary,Biography,2023-06-03,99
C435,Documentary,Biography,2003-02-13,99
C436,Series,Drama,2017-11-08,28
C437,Documentary,Action,2008-11-10,99
C438,Documentary,Comedy,2000-02-25,99
C439,Documentary,Sci-Fi,2006-02-11,99
C440,Documentary,Horror,2000-07-25,99
C441,Documentary,Sci-Fi,2022-12-11,99
C442,Movie,Comedy,2012-05-29,134
C443,Movie,Action,2004-06-14,134
C444,Series,Horror,2002-11-23,28
C445,Series,Horror,2022-08-10,28
C446,Movie,Biography,2010-08-17,134
C447,Series,Sci-Fi,2022-07-13,28
C448,Documentary,Action,2019-12-03,99
C449,Documentary,Sci-Fi,2018-05-23,99
C450,Movie,Horror,2006-10-13,134
C451,Series,Drama,2024-03-15,28
C452,Documentary,Drama,2009-10-19,99
C453,Documentary,Drama,2021-08-01,99
C454,Documentary,Drama,2009-02-06,99
C455,Series,Sci-Fi,2005-09-02,28
C456,Movie,Horror,2014-05-14,134
C457,Movie,Comedy,2017-09-04,134
C458,Movie,Drama,2001-07-09,134
C459,Documentary,Sci-Fi,2006-04-15,99
C460,Movie,Sci-Fi,2023-09-04,134
C461,Movie,Drama,2006-02-01,134
C462,Documentary,Horror,2010-04-23,99
C463,Series,Comedy,2018-06-19,28
C464,Series,Sci-Fi,2023-09-24,28
C465,Movie,Biography,2007-06-27,134
C466,Movie,Drama,2009-01-11,134
C467,Series,Action,2001-03-06,28
C468,Series,Comedy,2019-11-02,28
C469,Series,Drama,2008-03-19,28
C470,Documentary,Action,2018-09-19,99
C471,Movie,Action,2022-01-02,134
C472,Documentary,Biography,2016-11-27,99
C473,Movie,Biography,2006-05-10,134
C474,Documentary,Sci-Fi,2020-08-17,99
C475,Documentary,Comedy,2019-09-15,99
C476,Documentary,Drama,2001-02-27,99
C477,Documentary,Drama,2005-08-02,99
C478,Movie,Drama,2023-04-30,134
C479,Series,Horror,2010-09-18,28
C480,Series,Comedy,2004-02-20,28
C481,Documentary,Biography,2005-09-28,99
C482,Documentary,Comedy,2004-11-22,99
C483,Documentary,Action,2002-09-07,99
C484,Series,Sci-Fi,2018-11-07,28
C485,Movie,Drama,2023-12-02,134
C486,Series,Drama,2022-12-17,28
C487,Movie,Biography,2020-03-12,134
C488,Documentary,Sci-Fi,2013-03-06,99
C489,Series,Sci-Fi,2020-12-01,28
C490,Movie,Horror,2011-11-01,134
C491,Series,Biography,2006-11-16,28
C492,Series,Comedy,2019-04-13,28
C493,Documentary,Comedy,2019-04-11,99
C494,Movie,Action,2018-08-27,134
C495,Series,Action,2000-07-06,28
C496,Movie,Drama,2009-03-24,134
C497,Documentary,Biography,2005-09-05,99
C498,Documentary,Sci-Fi,2014-07-14,99
C499,Movie,Comedy,2024-01-28,134
C500,Movie,Biography,2006-04-26,134
C501,Documentary,Action,2024-01-18,99
C502,Documentary,Sci-Fi,2014-06-09,99
C503,Movie,Comedy,2022-02-01,134
C504,Documentary,Horror,2017-01-04,99
C505,Series,Horror,2007-03-07,28
C506,Documentary,Comedy,2013-02-22,99
C507,Series,Horror,2014-06-15,28
C508,Documentary,Comedy,2004-07-02,99
C509,Series,Horror,2011-12-17,28
C510,Movie,Biography,2024-08-22,134
C511,Documentary,Horror,2006-01-27,99
C512,Series,Comedy,2019-08-31,28
C513,Documentary,Action,2006-11-22,99
C514,Movie,Biography,2020-07-19,134
C515,Series,Action,2002-02-25,28
C516,Movie,Sci-Fi,2004-06-21,134
C517,Movie,Action,2003-02-19,134
C518,Series,Action,2018-03-11,28
C519,Series,Sci-Fi,2000-11-04,28
C520,Movie,Horror,2003-10-15,134
C521,Documentary,Sci-Fi,2008-10-27,99
C522,Series,Comedy,2023-05-01,28
C523,Documentary,Sci-Fi,2013-05-15,99
C524,Documentary,Comedy,2004-05-16,99
C525,Series,Comedy,2000-01-14,28
C526,Movie,Sci-Fi,2007-06-24,134
C527,Series,Comedy,2011-08-30,28
C528,Movie,Action,2008-08-31,134
C529,Movie,Drama,2005-10-18,134
C530,Series,Sci-Fi,2017-11-22,28
C531,Series,Action,2012-12-10,28
C532,Documentary,Sci-Fi,2020-08-09,99
C533,Series,Comedy,2016-07-25,28
C534,Movie,Action,2002-10-03,134
C535,Movie,Horror,2023-03-04,134
C536,Documentary,Horror,2019-03-06,99
C537,Documentary,Sci-Fi,2002-12-24,99
C538,Movie,Biography,2005-11-25,134
C539,Documentary,Comedy,2001-09-20,99
C540,Series,Sci-Fi,2021-06-25,28
C541,Documentary,Drama,2000-08-11,99
C542,Documentary,Sci-Fi,2002-09-29,99
C543,Series,Comedy,2022-09-03,28
C544,Series,Drama,2016-05-03,28
C545,Series,Sci-Fi,2012-11-01,28
C546,Documentary,Drama,2011-12-09,99
C547,Series,Comedy,2024-01-09,28
C548,Series,Action,2014-06-21,28
C549,Series,Biography,2023-03-31,28
C550,Movie,Comedy,2001-02-19,134
C551,Documentary,Drama,2010-10-31,99
C552,Series,Biography,2012-08-25,28
C553,Series,Biography,2015-11-16,28
C554,Series,Biography,2019-11-08,28
C555,Movie,Horror,2013-05-31,134
C556,Series,Sci-Fi,2006-06-27,28
C557,Documentary,Drama,2004-12-18,99
C558,Movie,Biography,2019-06-21,134
C559,Documentary,Drama,2017-03-13,99
C560,Documentary,Comedy,2004-03-23,99
C561,Documentary,Drama,2010-11-12,99
C562,Movie,Action,2001-08-07,134
C563,Series,Horror,2002-05-14,28
C564,Series,Horror,2006-04-22,28
C565,Movie,Action,2005-04-11,134
C566,Movie,Biography,2010-07-14,134
C567,Movie,Comedy,2020-12-04,134
C568,Movie,Comedy,2024-03-14,134
C569,Documentary,Drama,2013-04-17,99
C570,Movie,Sci-Fi,2021-04-16,134
C571,Movie,Biography,2020-03-28,134
C572,Series,Biography,2022-08-20,28
C573,Documentary,Action,2013-05-06,99
C574,Movie,Horror,2000-02-22,134
C575,Movie,Sci-Fi,2003-08-11,134
C576,Series,Sci-Fi,2019-12-08,28
C577,Series,Comedy,2014-11-23,28
C578,Documentary,Biography,2009-02-21,99
C579,Series,Biography,2020-05-12,28
C580,Series,Action,2017-07-03,28
C581,Series,Action,2007-03-15,28
C582,Series,Drama,2003-05-16,28
C583,Movie,Sci-Fi,2022-03-21,134
C584,Documentary,Horror,2021-11-28,99
C585,Series,Horror,2021-10-10,28
C586,Movie,Drama,2013-08-11,134
C587,Documentary,Sci-Fi,2010-10-19,99
C588,Series,Biography,2002-08-01,28
C589,Movie,Action,2020-03-07,134
C590,Series,Comedy,2021-06-17,28
C591,Series,Action,2023-12-04,28
C592,Movie,Biography,2018-10-08,134
C593,Series,Action,2023-09-26,28
C594,Movie,Comedy,2021-02-27,134
C595,Documentary,Action,2002-09-01,99
C596,Series,Action,2004-01-01,28
C597,Documentary,Drama,2008-08-26,99
C598,Series,Drama,2012-10-26,28
C599,Documentary,Action,2017-09-27,99
C600,Documentary,Biography,2018-10-06,99
C601,Movie,Action,2000-01-16,134
C602,Series,Horror,2016-06-14,28
C603,Series,Drama,2012-02-18,28
C604,Documentary,Drama,2021-08-29,99
C605,Documentary,Horror,2011-05-05,99
C606,Series,Biography,2008-11-09,28
C607,Movie,Drama,2016-09-24,134
C608,Series,Sci-Fi,2020-01-23,28
C609,Series,Sci-Fi,2023-09-19,28
C610,Documentary,Horror,2000-11-06,99
C611,Series,Biography,2013-05-21,28
C612,Documentary,Action,2016-08-12,99
C613,Documentary,Drama,2012-04-29,99
C614,Documentary,Action,2009-03-31,99
C615,Movie,Horror,2008-06-10,134
C616,Documentary,Action,2012-11-06,99
C617,Movie,Horror,2015-01-26,134
C618,Documentary,Biography,2013-07-09,99
C619,Documentary,Drama,2017-02-12,99
C620,Documentary,Action,2015-08-18,99
C621,Series,Action,2010-05-11,28
C622,Movie,Drama,2012-02-29,134
C623,Series,Drama,2020-03-22,28
C624,Documentary,Sci-Fi,2019-02-12,99
C625,Series,Horror,2007-07-11,28
C626,Movie,Comedy,2008-08-17,134
C627,Movie,Biography,2011-08-04,134
C628,Series,Action,2009-02-08,28
C629,Series,Horror,2014-08-08,28
C630,Documentary,Drama,2023-08-28,99
C631,Movie,Action,2007-05-31,134
C632,Movie,Drama,2009-08-20,134
C633,Documentary,Action,2020-07-04,99
C634,Movie,Action,2014-11-26,134
C635,Documentary,Horror,2002-06-16,99
C636,Documentary,Biography,2014-11-14,99
C637,Series,Action,2013-07-09,28
C638,Documentary,Horror,2019-08-27,99
C639,Movie,Action,2012-12-16,134
C640,Series,Comedy,2012-01-17,28
C641,Documentary,Action,2020-06-24,99
C642,Movie,Drama,2024-05-21,134
C643,Movie,Comedy,2023-12-13,134
C644,Documentary,Sci-Fi,2021-01-13,99
C645,Movie,Comedy,2019-01-13,134
C646,Documentary,Drama,2012-10-20,99
C647,Documentary,Comedy,2018-05-11,99
C648,Series,Biography,2015-06-28,28
C649,Documentary,Biography,2013-09-12,99
C650,Series,Drama,2024-05-13,28
C651,Documentary,Drama,2000-04-08,99
C652,Movie,Drama,2020-03-10,134
C653,Documentary,Comedy,2023-03-10,99
C654,Movie,Biography,2012-11-15,134
C655,Movie,Horror,2020-11-02,134
C656,Series,Action,2022-08-20,28
C657,Series,Action,2000-02-11,28
C658,Series,Sci-Fi,2001-04-11,28
C659,Documentary,Horror,2007-06-25,99
C660,Series,Drama,2008-05-12,28
C661,Movie,Action,2006-05-20,134
C662,Documentary,Sci-Fi,2020-07-15,99
C663,Movie,Comedy,2015-05-07,134
C664,Series,Action,2014-09-24,28
C665,Documentary,Biography,2016-10-29,99
C666,Movie,Comedy,2022-07-07,134
C667,Series,Action,2013-11-05,28
C668,Documentary,Biography,2000-10-13,99
C669,Documentary,Action,2019-04-08,99
C670,Series,Sci-Fi,2003-06-20,28
C671,Documentary,Sci-Fi,2009-09-02,99
C672,Series,Horror,2020-05-06,28
C673,Documentary,Biography,2012-11-10,99
C674,Movie,Horror,2015-06-23,134
C675,Documentary,Biography,2006-03-18,99
C676,Documentary,Action,2024-03-04,99
C677,Movie,Drama,2021-06-13,134
C678,Documentary,Horror,2006-12-04,99
C679,Series,Comedy,2010-01-16,28
C680,Movie,Horror,2016-06-21,134
C681,Movie,Comedy,2017-09-28,134
C682,Movie,Biography,2002-10-31,134
C683,Documentary,Horror,2011-08-30,99
C684,Series,Sci-Fi,2002-01-14,28
C685,Documentary,Biography,2004-04-15,99
C686,Series,Comedy,2015-01-05,28
C687,Series,Drama,2019-04-06,28
C688,Movie,Drama,2012-10-30,134
C689,Series,Action,2012-12-24,28
C690,Movie,Sci-Fi,2006-09-23,134
C691,Series,Comedy,2022-07-30,28
C692,Movie,Biography,2022-07-09,134
C693,Series,Sci-Fi,2019-05-01,28
C694,Documentary,Biography,2022-11-16,99
C695,Series,Biography,2021-08-23,28
C696,Documentary,Action,2011-01-27,99
C697,Series,Drama,2005-12-14,28
C698,Documentary,Sci-Fi,2023-08-01,99
C699,Documentary,Comedy,2011-12-18,99
C700,Series,Drama,2005-10-31,28
C701,Documentary,Biography,2011-03-30,99
C702,Series,Comedy,2022-03-31,28
C703,Movie,Biography,2009-03-19,134
C704,Movie,Horror,2004-12-05,134
C705,Series,Sci-Fi,2023-03-18,28
C706,Documentary,Action,2009-02-27,99
C707,Documentary,Horror,2010-04-02,99
C708,Movie,Drama,2012-05-23,134
C709,Documentary,Horror,2000-12-11,99
C710,Series,Horror,2003-04-11,28
C711,Series,Horror,2011-01-27,28
C712,Documentary,Action,2021-01-04,99
C713,Documentary,Drama,2017-08-18,99
C714,Documentary,Horror,2016-11-05,99
C715,Documentary,Action,2023-11-02,99
C716,Documentary,Action,2023-11-30,99
C717,Series,Sci-Fi,2012-07-27,28
C718,Series,Biography,2007-10-16,28
C719,Documentary,Biography,2020-03-04,99
C720,Documentary,Biography,2008-12-25,99
C721,Documentary,Action,2010-03-01,99
C722,Movie,Action,2022-02-28,134
C723,Series,Sci-Fi,2000-08-24,28
C724,Documentary,Action,2007-04-19,99
C725,Movie,Horror,2006-08-04,134
C726,Movie,Action,2004-02-28,134
C727,Documentary,Horror,2013-08-05,99
C728,Documentary,Action,2012-02-08,99
C729,Series,Biography,2004-09-03,28
C730,Documentary,Horror,2007-09-23,99
C731,Documentary,Biography,2004-12-10,99
C732,Movie,Sci-Fi,2017-09-06,134
C733,Movie,Biography,2013-08-27,134
C734,Movie,Sci-Fi,2000-11-30,134
C735,Series,Comedy,2022-02-11,28
C736,Documentary,Comedy,2020-03-16,99
C737,Movie,Sci-Fi,2008-12-19,134
C738,Documentary,Comedy,2001-11-20,99
C739,Movie,Action,2005-10-29,134
C740,Movie,Sci-Fi,2004-08-09,134
C741,Documentary,Horror,2004-06-11,99
C742,Documentary,Action,2009-02-21,99
C743,Series,Biography,2013-11-30,28
C744,Movie,Action,2022-05-15,134
C745,Documentary,Horror,2008-07-06,99
C746,Movie,Sci-Fi,2016-10-11,134
C747,Movie,Comedy,2020-09-11,134
C748,Documentary,Action,2001-10-05,99
C749,Documentary,Action,2022-11-01,99
C750,Series,Comedy,2012-01-05,28
C751,Series,Sci-Fi,2004-02-28,28
C752,Series,Horror,2018-09-16,28
C753,Movie,Horror,2016-07-24,134
C754,Series,Biography,2010-05-08,28
C755,Documentary,Horror,2005-10-25,99
C756,Documentary,Sci-Fi,2006-12-14,99
C757,Movie,Comedy,2006-10-02,134
C758,Series,Comedy,2007-05-17,28
C759,Movie,Action,2019-09-07,134
C760,Documentary,Action,2003-04-29,99
C761,Movie,Horror,2010-02-11,134
C762,Documentary,Biography,2002-12-04,99
C763,Movie,Action,2001-03-09,134
C764,Movie,Sci-Fi,2023-04-14,134
C765,Series,Comedy,2008-10-22,28
C766,Documentary,Horror,2023-01-10,99
C767,Movie,Sci-Fi,2022-07-13,134
C768,Documentary,Drama,2010-07-07,99
C769,Series,Sci-Fi,2011-01-09,28
C770,Documentary,Biography,2016-11-21,99
C771,Movie,Drama,2008-01-12,134
C772,Documentary,Drama,2024-02-04,99
C773,Series,Action,2007-01-22,28
C774,Movie,Sci-Fi,2010-05-27,134
C775,Series,Comedy,2000-09-13,28
C776,Movie,Biography,2002-03-12,134
C777,Movie,Biography,2010-10-15,134
C778,Documentary,Sci-Fi,2007-02-10,99
C779,Movie,Drama,2019-12-10,134
C780,Documentary,Sci-Fi,2004-08-03,99
C781,Series,Sci-Fi,2005-08-02,28
C782,Series,Comedy,2021-06-24,28
C783,Series,Horror,2021-10-10,28
C784,Movie,Comedy,2021-04-27,134
C785,Series,Action,2010-08-21,28
C786,Documentary,Horror,2005-02-06,99
C787,Documentary,Biography,2018-08-12,99
C788,Documentary,Sci-Fi,2018-04-11,99
C789,Movie,Action,2021-11-18,134
C790,Movie,Comedy,2020-03-09,134
C791,Series,Sci-Fi,2001-11-23,28
C792,Series,Comedy,2007-04-08,28
C793,Movie,Drama,2011-01-04,134
C794,Documentary,Horror,2016-02-17,99
C795,Series,Biography,2022-07-16,28
C796,Series,Sci-Fi,2003-10-15,28
C797,Documentary,Horror,2007-09-15,99
C798,Documentary,Horror,2016-06-27,99
C799,Movie,Biography,2008-06-13,134
C800,Documentary,Action,2006-01-06,99
C801,Movie,Biography,2012-07-16,134
C802,Documentary,Comedy,2003-03-25,99
C803,Series,Action,2011-12-12,28
C804,Movie,Drama,2002-07-18,134
C805,Documentary,Sci-Fi,2002-09-17,99
C806,Documentary,Sci-Fi,2009-12-19,99
C807,Series,Drama,2023-06-05,28
C808,Documentary,Sci-Fi,2010-11-29,99
C809,Series,Drama,2022-11-10,28
C810,Movie,Biography,2002-06-19,134
C811,Movie,Biography,2003-02-17,134
C812,Movie,Comedy,2018-05-16,134
C813,Movie,Biography,2013-01-07,134
C814,Series,Action,2024-06-25,28
C815,Series,Comedy,2022-09-15,28
C816,Series,Drama,2006-08-30,28
C817,Series,Action,2020-05-31,28
C818,Movie,Comedy,2001-01-21,134
C819,Movie,Horror,2009-03-28,134
C820,Documentary,Action,2008-08-17,99
C821,Documentary,Horror,2000-05-02,99
C822,Documentary,Action,2004-02-19,99
C823,Series,Action,2000-08-12,28
C824,Series,Drama,2006-11-01,28
C825,Documentary,Comedy,2005-02-26,99
C826,Movie,Comedy,2004-09-21,134
C827,Documentary,Comedy,2000-06-22,99
C828,Series,Action,2009-07-24,28
C829,Documentary,Comedy,2003-07-27,99
C830,Series,Horror,2012-03-31,28
C831,Movie,Horror,2018-09-30,134
C832,Series,Drama,2004-06-10,28
C833,Documentary,Comedy,2001-01-16,99
C834,Movie,Sci-Fi,2012-01-31,134
C835,Series,Horror,2007-05-27,28
C836,Movie,Biography,2010-08-22,134
C837,Movie,Action,2002-04-28,134
C838,Series,Action,2023-02-02,28
C839,Series,Horror,2019-04-02,28
C840,Series,Horror,2007-11-10,28
C841,Documentary,Biography,2004-09-09,99
C842,Series,Comedy,2014-06-07,28
C843,Documentary,Comedy,2024-05-16,99
C844,Documentary,Action,2011-10-29,99
C845,Series,Sci-Fi,2000-02-09,28
C846,Movie,Action,2006-10-24,134
C847,Documentary,Action,2011-06-11,99
C848,Documentary,Horror,2020-01-29,99
C849,Series,Comedy,2003-11-03,28
C850,Movie,Sci-Fi,2022-03-01,134
C851,Series,Biography,2017-01-05,28
C852,Movie,Horror,2014-01-19,134
C853,Documentary,Comedy,2022-11-06,99
C854,Series,Action,2003-11-27,28
C855,Movie,Action,2014-08-12,134
C856,Documentary,Comedy,2022-08-05,99
C857,Documentary,Comedy,2023-01-08,99
C858,Movie,Sci-Fi,2001-12-18,134
C859,Movie,Horror,2023-05-29,134
C860,Movie,Drama,2019-07-30,134
C861,Movie,Comedy,2005-06-14,134
C862,Documentary,Sci-Fi,2014-10-30,99
C863,Movie,Horror,2008-07-19,134
C864,Documentary,Comedy,2006-10-20,99
C865,Series,Biography,2012-01-28,28
C866,Movie,Comedy,2009-07-13,134
C867,Series,Sci-Fi,2024-07-09,28
C868,Series,Biography,2001-12-02,28
C869,Documentary,Action,2013-07-13,99
C870,Movie,Sci-Fi,2004-11-22,134
C871,Movie,Horror,2001-08-09,134
C872,Documentary,Drama,2003-04-20,99
C873,Movie,Drama,2015-05-30,134
C874,Movie,Sci-Fi,2019-12-10,134
C875,Series,Sci-Fi,2004-11-03,28
C876,Documentary,Drama,2008-04-30,99
C877,Series,Action,2021-06-17,28
C878,Documentary,Drama,2010-03-16,99
C879,Documentary,Horror,2011-12-25,99
C880,Movie,Sci-Fi,2016-05-28,134
C881,Series,Action,2006-05-25,28
C882,Documentary,Drama,2023-10-15,99
C883,Documentary,Sci-Fi,2014-03-13,99
C884,Documentary,Biography,2021-10-02,99
C885,Movie,Biography,2001-12-11,134
C886,Documentary,Biography,2016-05-07,99
C887,Documentary,Drama,2010-05-27,99
C888,Documentary,Action,2023-10-08,99
C889,Series,Drama,2009-08-26,28
C890,Movie,Horror,2002-03-02,134
C891,Series,Sci-Fi,2023-05-17,28
C892,Movie,Action,2004-02-03,134
C893,Documentary,Action,2004-02-10,99
C894,Documentary,Sci-Fi,2002-04-14,99
C895,Movie,Action,2001-10-29,134
C896,Movie,Comedy,2010-01-05,134
C897,Documentary,Biography,2006-06-20,99
C898,Series,Sci-Fi,2015-11-18,28
C899,Documentary,Action,2012-12-13,99
C900,Documentary,Action,2006-05-24,99
C901,Documentary,Action,2001-11-29,99
C902,Movie,Action,2005-11-16,134
C903,Movie,Drama,2011-01-10,134
C904,Series,Drama,2009-06-10,28
C905,Documentary,Biography,2012-01-10,99
C906,Series,Sci-Fi,2009-09-08,28
C907,Documentary,Horror,2001-08-25,99
C908,Series,Sci-Fi,2016-03-01,28
C909,Movie,Drama,2015-06-14,134
C910,Documentary,Biography,2024-06-18,99
C911,Movie,Sci-Fi,2014-01-15,134
C912,Documentary,Biography,2015-11-08,99
C913,Series,Comedy,2004-07-05,28
C914,Series,Horror,2022-10-21,28
C915,Movie,Drama,2022-05-19,134
C916,Movie,Drama,2006-08-15,134
C917,Movie,Action,2003-07-23,134
C918,Documentary,Drama,2013-07-05,99
C919,Documentary,Sci-Fi,2011-09-11,99
C920,Series,Horror,2017-11-21,28
C921,Movie,Biography,2008-06-20,134
C922,Movie,Horror,2024-07-17,134
C923,Movie,Sci-Fi,2011-01-20,134
C924,Documentary,Action,2018-02-26,99
C925,Series,Action,2017-12-03,28
C926,Movie,Sci-Fi,2006-03-10,134
C927,Documentary,Action,2003-09-29,99
C928,Series,Drama,2005-09-02,28
C929,Series,Drama,2000-03-24,28
C930,Movie,Drama,2004-09-13,134
C931,Documentary,Horror,2022-12-11,99
C932,Series,Horror,2009-12-07,28
C933,Movie,Comedy,2006-03-29,134
C934,Documentary,Action,2013-03-06,99
C935,Documentary,Drama,2022-11-09,99
C936,Documentary,Drama,2022-04-12,99
C937,Documentary,Sci-Fi,2023-12-27,99
C938,Documentary,Action,2018-02-08,99
C939,Movie,Sci-Fi,2014-09-03,134
C940,Series,Action,2014-03-14,28
C941,Movie,Horror,2013-05-28,134
C942,Movie,Sci-Fi,2008-12-12,134
C943,Series,Sci-Fi,2024-01-01,28
C944,Series,Biography,2019-08-07,28
C945,Movie,Comedy,2001-07-15,134
C946,Movie,Sci-Fi,2012-01-14,134
C947,Documentary,Horror,2013-04-07,99
C948,Movie,Sci-Fi,2023-03-03,134
C949,Movie,Action,2008-01-16,134
C950,Documentary,Drama,2021-02-07,99
C951,Movie,Drama,2022-07-06,134
C952,Documentary,Drama,2023-05-18,99
C953,Movie,Horror,2006-03-14,134
C954,Documentary,Action,2010-09-20,99
C955,Series,Action,2021-03-11,28
C956,Documentary,Biography,2005-07-16,99
C957,Series,Biography,2021-10-14,28
C958,Movie,Action,2000-09-06,134
C959,Series,Action,2017-09-11,28
C960,Movie,Biography,2009-08-16,134
C961,Movie,Horror,2003-06-13,134
C962,Documentary,Comedy,2005-03-06,99
C963,Documentary,Action,2022-12-19,99
C964,Movie,Sci-Fi,2012-05-13,134
C965,Documentary,Drama,2013-06-17,99
C966,Documentary,Comedy,2019-11-02,99
C967,Documentary,Comedy,2008-12-26,99
C968,Series,Horror,2009-07-28,28
C969,Series,Biography,2013-07-15,28
C970,Movie,Biography,2011-08-19,134
C971,Movie,Drama,2021-05-05,134
C972,Movie,Horror,2017-08-28,134
C973,Movie,Action,2009-12-19,134
C974,Documentary,Horror,2018-10-20,99
C975,Documentary,Comedy,2023-06-12,99
C976,Documentary,Comedy,2005-06-25,99
C977,Series,Biography,2006-09-18,28
C978,Series,Biography,2004-01-27,28
C979,Documentary,Horror,2012-10-05,99
C980,Documentary,Sci-Fi,2007-12-08,99
C981,Series,Biography,2022-05-05,28
C982,Series,Sci-Fi,2006-01-04,28
C983,Series,Action,2005-09-26,28
C984,Movie,Biography,2023-08-22,134
C985,Movie,Action,2005-10-16,134
C986,Series,Comedy,2024-02-13,28
C987,Series,Biography,2014-12-06,28
C988,Documentary,Biography,2003-02-17,99
C989,Series,Drama,2005-05-20,28
C990,Series,Biography,2019-06-21,28
C991,Movie,Sci-Fi,2019-04-07,134
C992,Movie,Action,2023-10-11,134
C993,Movie,Action,2014-08-17,134
C994,Series,Biography,2013-06-27,28
C995,Movie,Sci-Fi,2019-03-10,134
C996,Movie,Sci-Fi,2017-10-03,134
C997,Documentary,Biography,2012-05-02,99
C998,Movie,Drama,2001-08-05,134
C999,Documentary,Action,2005-09-24,99
C1000,Movie,Horror,2003-07-31,134